Doctor Name,Doctor Profile URL,Doctor Image,Experience (Years),Specialties,Rating (Max 5),Consultation Fee (BDT)
Dr. Tanzina Ahmed,https://doctime.com.bd/doctors/dr-tanzina-ahmed-111991,https://doctime-core-ap-southeast-1.s3.ap-southeast-1.amazonaws.com/persons/139323/profile_photos/MaVZqDcxCbOi5s0S5GuN1IrdfvG28NjaoI8Qx0Gu.jpg,7,"General Physician,Gynae & Obs",5,370
Asst. Prof. Dr. Mehedi Hasan,https://doctime.com.bd/doctors/asst-prof-dr-mehedi-hasan-158,https://doctime-core-ap-southeast-1.s3.ap-southeast-1.amazonaws.com/persons/155/profile_photos/WHwgabWELxZILtthsqT7r7PMzeJrpg88s3cIKfUQ.jpg,14,"Pediatric Hematologist and Oncologist,General Physician",4.9,750
Asst. Prof. Dr. Raihan Ahmad,https://doctime.com.bd/doctors/asst-prof-dr-raihan-ahmad-139579,https://doctime-core-ap-southeast-1.s3.ap-southeast-1.amazonaws.com/persons/175198/profile_photos/LI1Odwz0vFMnJLDUecj4v7JzA1mZhPULQt4zt96E.png,13,"Medicine Specialist,Neurologist,General Physician",5,1100
Asst. Prof. Dr. Mamunur Rashid,https://doctime.com.bd/doctors/asst-prof-dr-mamunur-rashid-7769337,https://doctime-core-ap-southeast-1.s3.ap-southeast-1.amazonaws.com/persons/7819301/profile_photos/U4HaQmAXQsGeDce5TFXXcMOWiSnJEzj9k3CZzybn.jpg,15,"Orthopedist,General Physician",5,550
Dr. Sawrav Deb Bappy,https://doctime.com.bd/doctors/dr-sawrav-deb-bappy-415495,https://doctime-core-ap-southeast-1.s3.ap-southeast-1.amazonaws.com/persons/495446/profile_photos/5rDOxqpwX9rSXEjoDT6KfHh1Y8OAuZzdm0Tg7tCt.jpg,13,"Child Specialist,General Physician",4.9,505
Assoc. Prof. Dr. Md. Abdul Alim,https://doctime.com.bd/doctors/assoc-prof-dr-md-abdul-alim-15304725,https://doctime-core-ap-southeast-1.s3.ap-southeast-1.amazonaws.com/persons/15403142/profile_photos/SKmgTKgb7ketD2WdrS2kWpNO5WyyhcnBsaA1tDFC.jpg,23,General Physician,5,450
Asst. Prof. Dr. Afsara Tasnim,https://doctime.com.bd/doctors/asst-prof-dr-afsara-tasnim-166644,https://doctime-core-ap-southeast-1.s3.ap-southeast-1.amazonaws.com/persons/208061/profile_photos/5yqRringZSZJw5PrCRKYH2OOqNDd4dHv9LZMnLIc.jpg,9,"General Physician,Gynae & Obs",5,300
Asst. Prof. Dr. Z. Wadud,https://doctime.com.bd/doctors/asst-prof-dr-z-wadud-3059901,https://doctime-core-ap-southeast-1.s3.ap-southeast-1.amazonaws.com/persons/3160518/profile_photos/e4GP78X5FKwc4BCz1LN6OeH5wkBC2G4vA90GViyo.png,12,"Orthopedist,General Physician",5,600
Dr. Golam Moudud Ahmed,https://doctime.com.bd/doctors/dr-golam-moudud-ahmed-61566,https://doctime-core-ap-southeast-1.s3.ap-southeast-1.amazonaws.com/persons/73771/profile_photos/dlRSNss3ELcRYe4O0n7GzOXquTjw9DWtTyF1QAnY.jpg,11,"General Physician,Child Specialist",5,270
Dr. Tasmia Tarannum,https://doctime.com.bd/doctors/dr-tasmia-tarannum-458116,https://doctime-core-ap-southeast-1.s3.ap-southeast-1.amazonaws.com/persons/547397/profile_photos/tdqzi0ryHFveV5H9XyLN1CvBe19fj6m716K1ycLF.png,10,"Gynae & Obs,General Physician",5,300
Dr. Orin Jamie,https://doctime.com.bd/doctors/dr-orin-jamie-70,https://doctime-core-ap-southeast-1.s3.ap-southeast-1.amazonaws.com/persons/69/profile_photos/UnWzT2rhaLXj3w19T7QNop0c8L6NIyvMKMxXcRuA.png,11,"Ophthalmologist,Endocrinologist,General Physician",5,350
Asst. Prof. Dr. Md. Mahbubul Islam,https://doctime.com.bd/doctors/asst-prof-dr-md-mahbubul-islam-5439,https://doctime-core-ap-southeast-1.s3.ap-southeast-1.amazonaws.com/persons/5397/profile_photos/bk42snA2cS9vEd2T7UDKZfdHqwq64LHUK5FWp79I.jpg,13,"ENT Specialist,General Physician",4.9,400
Dr. Maisum Sobhan,https://doctime.com.bd/doctors/dr-maisum-sobhan-230340,https://doctime-core-ap-southeast-1.s3.ap-southeast-1.amazonaws.com/persons/285966/profile_photos/hHsrvlCJZcQED2OkSyeSwYoZjJVBvC5qYk5WvpQa.png,11,"Endocrinologist,Internal Medicine,General Physician",4.9,599
Dr. Fatema Akbar,https://doctime.com.bd/doctors/dr-fatema-akbar-570740,https://doctime-core-ap-southeast-1.s3.ap-southeast-1.amazonaws.com/persons/684862/profile_photos/FOTcY2PdZiG8w1uUi1QlmytAffqCFzaJQ2pSPuOR.jpg,9,"General Physician,Gynae & Obs",5,299
Dr. S M Mahbubur Rahman,https://doctime.com.bd/doctors/dr-s-m-mahbubur-rahman-230534,https://doctime-core-ap-southeast-1.s3.ap-southeast-1.amazonaws.com/persons/286191/profile_photos/7wxtXjoVYGf0F03K2ziRwDnZTpOxrf7LQtadE0n7.jpg,17,"Endocrinologist,Internal Medicine,General Physician",5,1250
Dr. MD. Ashiqur Rahman,https://doctime.com.bd/doctors/dr-md-ashiqur-rahman-57436,https://doctime-core-ap-southeast-1.s3.ap-southeast-1.amazonaws.com/persons/68958/profile_photos/frsYVx0YdGj8nBoUCsU7IfzVFYeyny6RXMP1b8oK.jpg,13,"Plastic Surgeon,General Physician",4.9,550
Dr. Shahrin Sultana,https://doctime.com.bd/doctors/dr-shahrin-sultana-9994985,https://doctime-core-ap-southeast-1.s3.ap-southeast-1.amazonaws.com/persons/10057521/profile_photos/7aSdRaD1LAWZexOBAbF7nd1K687F8V5s3495PoB5.png,6,"General Physician,Gynae & Obs",5,250
Dr. Amatta Indro,https://doctime.com.bd/doctors/dr-amatta-indro-55628,https://doctime-core-ap-southeast-1.s3.ap-southeast-1.amazonaws.com/persons/66617/profile_photos/IIP9olSzzS7spu41AoMkEUgAFtqYSeEgRzOCGML4.png,5,"General Physician,Child Specialist",5,270
Dr. Selina Akter,https://doctime.com.bd/doctors/dr-selina-akter-509648,https://doctime-core-ap-southeast-1.s3.ap-southeast-1.amazonaws.com/persons/612648/profile_photos/GlRqIckm0AeXfuNCflYW9xzjbsSlhDQ0ZEoQG54m.jpg,7,General Physician,5,400
Dr. Shafwanur Rahman,https://doctime.com.bd/doctors/dr-shafwanur-rahman-195690,https://doctime-core-ap-southeast-1.s3.ap-southeast-1.amazonaws.com/persons/244578/profile_photos/QBssJtiJpw7Gvqvra3YKL6gDn7aLYT0IOamHmvPe.jpg,9,"Dermatology,General Physician",5,449
Dr. MAHMODUL HASAN Al- FARABY,https://doctime.com.bd/doctors/dr-mahmodul-hasan-al-faraby-57592,https://doctime-core-ap-southeast-1.s3.ap-southeast-1.amazonaws.com/persons/69133/profile_photos/4rvynKLBN9lal1PFDO9KKfMRllC1bx9F0BcES7Of.jpg,9,General Physician,5,330
Dr. Farid Hossain Chowdhury,https://doctime.com.bd/doctors/dr-farid-hossain-chowdhury-30221,https://doctime-core-ap-southeast-1.s3.ap-southeast-1.amazonaws.com/persons/35890/profile_photos/Yv0FGmpR3SzbB37RAHg9CTGP2tmhvpemfBSbOLR6.jpg,6,General Physician,5,550
Dr. Rummanul Ferdaous,https://doctime.com.bd/doctors/dr-rummanul-ferdaous-15659946,https://doctime-core-ap-southeast-1.s3.ap-southeast-1.amazonaws.com/persons/15761919/profile_photos/4h9UH8975k1SK38uzpEwi16rF7x9fgtujf55BiYd.jpg,3,General Physician,5,350
Dr. Mezbah Uddin,https://doctime.com.bd/doctors/dr-mezbah-uddin-15677293,https://doctime-core-ap-southeast-1.s3.ap-southeast-1.amazonaws.com/persons/15779394/profile_photos/pNLUb5fKJcBKQwhuwEKeu7IpF8VILcCB9NckcbHw.jpg,3,"General Physician,Internal Medicine",5,300
Dr. K. Ehsan,https://doctime.com.bd/doctors/dr-k-ehsan-115071,https://doctime-core-ap-southeast-1.s3.ap-southeast-1.amazonaws.com/persons/143407/profile_photos/IJZT0FXsPpuD5JGB63Uf0MnwxFvJiNQn7dVR3BZf.jpg,7,"General Physician,Cardiologist",5,300
Dr. Sakib Ibne Shahidullah,https://doctime.com.bd/doctors/dr-sakib-ibne-shahidullah-100354,https://doctime-core-ap-southeast-1.s3.ap-southeast-1.amazonaws.com/persons/123577/profile_photos/aLTRMjpgUgHcHTUaUyUdxXiDTZwsFrqCoxPOKQA3.jpg,11,"General Physician,Child Specialist",5,400
Dr. Tajkiatul Islam Mohua,https://doctime.com.bd/doctors/dr-tajkiatul-islam-mohua-139382,https://doctime-core-ap-southeast-1.s3.ap-southeast-1.amazonaws.com/persons/174936/profile_photos/hf1eum5nXQOnud9ns6mXveRXgCF61RvnV7uJtcV3.png,6,"General Physician,Internal Medicine,Endocrinologist",4.9,260
Dr. Pradikta Das Shreya,https://doctime.com.bd/doctors/dr-pradikta-das-shreya-57587,https://doctime-core-ap-southeast-1.s3.ap-southeast-1.amazonaws.com/persons/69127/profile_photos/nJpA4bNpKIEEw8d6j4K1QszOUP5KoulbMv4urPDG.jpg,9,"General Physician,Internal Medicine",4.9,330
Dr. Mrinmoy Paul,https://doctime.com.bd/doctors/dr-mrinmoy-paul-5658085,https://doctime-core-ap-southeast-1.s3.ap-southeast-1.amazonaws.com/persons/5710727/profile_photos/Y7prxFRpjDJffdbOU9XK5zVkR9QSHAbicQVurGGy.png,2,"General Physician,Child Specialist",5,260
Dr. Sanzida Rahman,https://doctime.com.bd/doctors/dr-sanzida-rahman-109290,https://doctime-core-ap-southeast-1.s3.ap-southeast-1.amazonaws.com/persons/135659/profile_photos/nTwa1g9BgfXdkVBLpaIBEuYc7p8g8vliZfHMX8Cm.jpg,12,"General Physician,Gynae & Obs",4.9,250
Dr. Mahjura Najnin,https://doctime.com.bd/doctors/dr-mahjura-najnin-7144072,https://doctime-core-ap-southeast-1.s3.ap-southeast-1.amazonaws.com/persons/7190463/profile_photos/tmzAbAMgS1OhleucaiM3UD1OgrdcaiNsoHrbDpuB.png,9,"General Physician,Gynae & Obs",5,250
Dr. Suman Kumar Paul,https://doctime.com.bd/doctors/dr-suman-kumar-paul-6193622,https://doctime-core-ap-southeast-1.s3.ap-southeast-1.amazonaws.com/persons/6234685/profile_photos/Ej88aT8OKsIY4RUzRW5la2gbHDhro7i12rVx3liE.png,5,"General Physician,Child Specialist",5,300
Dr. Md. Arafat Hossain,https://doctime.com.bd/doctors/dr-md-arafat-hossain-820368,https://doctime-core-ap-southeast-1.s3.ap-southeast-1.amazonaws.com/persons/942378/profile_photos/98mw9RXxRbTRp0R1M0CmcCe0hZM0dTHpXi1oVIBh.jpg,6,"General Physician,Dermatology",5,350
Dr. Sabnoor Jahan Nishy,https://doctime.com.bd/doctors/dr-sabnoor-jahan-nishy-146340,https://doctime-core-ap-southeast-1.s3.ap-southeast-1.amazonaws.com/persons/183900/profile_photos/uJFJBejWUIyPcqaGQOZBfWORskQQ5RUobyV117I8.jpg,6,General Physician,5,400
Assoc. Prof. Dr. Syed Mortaza Ali,https://doctime.com.bd/doctors/assoc-prof-dr-syed-mortaza-ali-16584497,https://doctime-core-ap-southeast-1.s3.ap-southeast-1.amazonaws.com/persons/16703324/profile_photos/FCdZrKWBuAceZGPDsKKqffkFxEqjNzPqmb8Mxf1v.jpg,19,"Child Specialist,General Physician",5,575
Dr. Mostafizur Rahman,https://doctime.com.bd/doctors/dr-mostafizur-rahman-356332,https://doctime-core-ap-southeast-1.s3.ap-southeast-1.amazonaws.com/persons/425886/profile_photos/XbaRVCBX01wrzv99DkUDD0K9LvLSUPOMb8X9MDq3.png,10,"ENT Specialist,General Physician",5,335
Dr. Sabrina Islam,https://doctime.com.bd/doctors/dr-sabrina-islam-2626936,https://doctime-core-ap-southeast-1.s3.ap-southeast-1.amazonaws.com/persons/2732945/profile_photos/jQB31Tec3oP7ob5YlrxiCStOWch1ZHPNFbJPlSto.png,5,"General Physician,Gynae & Obs",5,300
Dr. Faisal Ahmed,https://doctime.com.bd/doctors/dr-faisal-ahmed-5563,https://doctime-core-ap-southeast-1.s3.ap-southeast-1.amazonaws.com/persons/5521/profile_photos/94ATb119hRA36VLvOPgG4wugzTiTLAtWNwtnQ0dV.jpg,6,General Physician,4.9,300
Dr. NAZNEEN NAHAR,https://doctime.com.bd/doctors/dr-nazneen-nahar-225297,https://doctime-core-ap-southeast-1.s3.ap-southeast-1.amazonaws.com/persons/280204/profile_photos/kKKxMyO97b7gdBzoYahnt87PnxW7RRDNRcNFPydl.png,12,"Gynae & Obs,General Physician",4.9,800
Dr. Rifat Ara Nova,https://doctime.com.bd/doctors/dr-rifat-ara-nova-82103,https://doctime-core-ap-southeast-1.s3.ap-southeast-1.amazonaws.com/persons/100038/profile_photos/9AhMiSj3UaXSwiX80yvAitFSmzNeXhOE3PIsZEjH.jpg,7,"General Physician,Gynae & Obs",4.9,300
Dr. Ekramul Haque,https://doctime.com.bd/doctors/dr-ekramul-haque-140550,https://doctime-core-ap-southeast-1.s3.ap-southeast-1.amazonaws.com/persons/176438/profile_photos/mXWVXbRARcpOOxfmD9Bb7tVvDDRoLGAcuLMx2hUq.png,6,"General Physician,Psychiatrist,Dermatology",4.9,350
Dr. Zahidul Islam,https://doctime.com.bd/doctors/dr-zahidul-islam-2810,https://doctime-core-ap-southeast-1.s3.ap-southeast-1.amazonaws.com/persons/2768/profile_photos/lD6FTtq1yMMXJyfIcy1iWDo5iJNjm6X4OoCSQXps.jpg,7,"General Physician,Internal Medicine,Dermatology",4.9,350
Dr. Maharun Nahar Mehie,https://doctime.com.bd/doctors/dr-maharun-nahar-mehie-264607,https://doctime-core-ap-southeast-1.s3.ap-southeast-1.amazonaws.com/persons/324213/profile_photos/6Oes0KyYHTNiCFCpl9SKZVUFuG4X5MI8FVqRiOHy.jpg,5,"General Physician,Gynae & Obs",4.9,365
Dr. Moloy Sarkar,https://doctime.com.bd/doctors/dr-moloy-sarkar-14680815,https://doctime-core-ap-southeast-1.s3.ap-southeast-1.amazonaws.com/persons/14773974/profile_photos/k2XoNiYoxO6hOBRm9SLo8JiBVdQToDEIjbKg17l7.jpg,10,"General Physician,Orthopedics",5,300
Dr. Md.Imran Hossain,https://doctime.com.bd/doctors/dr-mdimran-hossain-3833986,https://doctime-core-ap-southeast-1.s3.ap-southeast-1.amazonaws.com/persons/3925157/profile_photos/cUwK2YvnfeKVPtxsd9POiGjwUfGo85FnRG27P2Qx.png,7,"General Physician,ENT Specialist,Internal Medicine,Neurologist",4.9,250
Asst. Prof. Dr. Nazmun Naher,https://doctime.com.bd/doctors/asst-prof-dr-nazmun-naher-59800,https://doctime-core-ap-southeast-1.s3.ap-southeast-1.amazonaws.com/persons/71632/profile_photos/Xs3YgSDpIkik5f1pB7wUCt1ZZuV5p4pfE9tz6Lvw.jpg,9,"Medicine Specialist,General Physician",5,850
Dr. Mohammad Zahurul Islam,https://doctime.com.bd/doctors/dr-mohammad-zahurul-islam-16373118,https://doctime-core-ap-southeast-1.s3.ap-southeast-1.amazonaws.com/persons/16483928/profile_photos/C7VscozxrCmfwGOVmQLZnYrRDTs6w2lo2lHlq17V.jpg,10,"Cardiologist,General Physician",5,450
Dr. Md. Humayun Kabir,https://doctime.com.bd/doctors/dr-md-humayun-kabir-178816,https://doctime-core-ap-southeast-1.s3.ap-southeast-1.amazonaws.com/persons/223100/profile_photos/4LKz0ztVKl58u97VXV0c7Stb0ca8A5i0jM45KBOS.jpg,9,"General Physician,Gastroenterology",4.9,450
Dr. Khadiza Tasnim,https://doctime.com.bd/doctors/dr-khadiza-tasnim-44537,https://doctime-core-ap-southeast-1.s3.ap-southeast-1.amazonaws.com/persons/52920/profile_photos/2p2FGr7qGzZRRorSXuYkVi4JfOBlco9qyX1A7qf5.png,8,"Dermatology,General Physician",4.9,349
Dr. Puja Majumder,https://doctime.com.bd/doctors/dr-puja-majumder-56,https://doctime-core-ap-southeast-1.s3.ap-southeast-1.amazonaws.com/persons/55/profile_photos/R73H4zNkjgCo5pgnzK77HQqG8IckoXKajiwe36xf.png,6,General Physician,4.9,300
Asst. Prof. Dr. Akhter Uz Zaman Sajib,https://doctime.com.bd/doctors/asst-prof-dr-akhter-uz-zaman-sajib-3578,https://doctime-core-ap-southeast-1.s3.ap-southeast-1.amazonaws.com/persons/3536/profile_photos/4garoNQfmOcu6aVQRokfttzgMhuh2RKU5Ls4qQX0.jpg,9,"Family Medicine,General Physician,Internal Medicine,Dermatology",4.9,650
Dr. Dilruba Sharmin,https://doctime.com.bd/doctors/dr-dilruba-sharmin-152390,https://doctime-core-ap-southeast-1.s3.ap-southeast-1.amazonaws.com/persons/191526/profile_photos/rqjqY0RBRPoqPVxKat8WUlTKyTT65uqNgKQ0HXM4.jpg,10,"Dermatology,General Physician",4.9,539
Asst. Prof. Dr. Md. Hasan Hafijur Rahman,https://doctime.com.bd/doctors/asst-prof-dr-md-hasan-hafijur-rahman-6826780,https://doctime-core-ap-southeast-1.s3.ap-southeast-1.amazonaws.com/persons/6871550/profile_photos/ChREVGo3CEX1mS3nuGKXSixyMmy2lIpERb7SVyvS.png,9,"ENT Specialist,General Physician",5,470
Asst. Prof. Dr. Fateha Naznin,https://doctime.com.bd/doctors/asst-prof-dr-fateha-naznin-13640680,https://doctime-core-ap-southeast-1.s3.ap-southeast-1.amazonaws.com/persons/13726248/profile_photos/TxLcY0tneyox8qXZpMOdZqoUpr7ldMpjuKk9DXnS.jpg,11,"Medicine Specialist,General Physician",4.9,900
Dr. Md Zawadul Islam Johny,https://doctime.com.bd/doctors/dr-md-zawadul-islam-johny-8453,https://doctime-core-ap-southeast-1.s3.ap-southeast-1.amazonaws.com/persons/8409/profile_photos/YRVMV5yW9vqSbFMr0KT2CkZqvEoSgfmIUQ6p0ipW.png,7,"Child Specialist,General Physician",5,250
Dr. Atia shorna,https://doctime.com.bd/doctors/dr-atia-shorna-11585170,https://doctime-core-ap-southeast-1.s3.ap-southeast-1.amazonaws.com/persons/11657788/profile_photos/VTAYQFj8ibnIrPoNvCOKmYrCfXzlVsp8Jl0cB74O.png,7,"General Physician,Dermatology",5,349
Dr. Mahbuba Laizu,https://doctime.com.bd/doctors/dr-mahbuba-laizu-9537353,https://doctime-core-ap-southeast-1.s3.ap-southeast-1.amazonaws.com/persons/9597036/profile_photos/acjVGv5I1oxZEos92UFtUBQAqCpAlRaryqbF9e6v.png,7,"General Physician,Child Specialist",5,290
Asst. Prof. Dr. Iffat Islam Khan,https://doctime.com.bd/doctors/asst-prof-dr-iffat-islam-khan-3881488,https://doctime-core-ap-southeast-1.s3.ap-southeast-1.amazonaws.com/persons/3971946/profile_photos/xYVoXnfh9fzlevAKtig3RhP6WsPBWX0RFS2f9EP4.png,10,"Physical Medicine & Rehabilitation Specialist,General Physician",5,470
Dr. S. M. Mufizur Rahman Sazal,https://doctime.com.bd/doctors/dr-s-m-mufizur-rahman-sazal-65813,https://doctime-core-ap-southeast-1.s3.ap-southeast-1.amazonaws.com/persons/79367/profile_photos/roEYxrmFvBvitefkg1ZFBayHZI62Ml6YTplFBAHm.png,7,General Physician,5,470
Dr. SALEH UDDIN AKBAR,https://doctime.com.bd/doctors/dr-saleh-uddin-akbar-16500041,https://doctime-core-ap-southeast-1.s3.ap-southeast-1.amazonaws.com/persons/16615974/profile_photos/r6ELnwYsFPLEnai9xQN7w35KPEargDJihNwPTYK0.jpg,11,"General Physician,Child Specialist",5,260
Dr. Fatema Yesmin,https://doctime.com.bd/doctors/dr-fatema-yesmin-457991,https://doctime-core-ap-southeast-1.s3.ap-southeast-1.amazonaws.com/persons/547254/profile_photos/SJymMytK6JlXTqBWvoIxUgHKfIw1oj9gUUcWcEZi.jpg,6,"General Physician,Gynae & Obs",5,450
Dr. Shafiqul Islam,https://doctime.com.bd/doctors/dr-shafiqul-islam-95683,https://doctime-core-ap-southeast-1.s3.ap-southeast-1.amazonaws.com/persons/117330/profile_photos/LOkRcR3DLszlx2kHLMWy1PzVHbwcJNzpZvH4KOQ5.png,12,"Ophthalmologist,General Physician",4.8,400
Asst. Prof. Dr. Mohammed Zubayer Miah,https://doctime.com.bd/doctors/asst-prof-dr-mohammed-zubayer-miah-11772048,https://doctime-core-ap-southeast-1.s3.ap-southeast-1.amazonaws.com/persons/11845652/profile_photos/ytPaVUbon3lTlUKjSOhRt7uyPX7ILOVM7q96ouSD.png,22,"Psychiatrist,General Physician",5,1050
Dr. Md. Kaiser Mahmud,https://doctime.com.bd/doctors/dr-md-kaiser-mahmud-1466199,https://doctime-core-ap-southeast-1.s3.ap-southeast-1.amazonaws.com/persons/1584952/profile_photos/Xm0fxCt67pTCOXVxzyOiowRo6ePGxRy0G193wAic.jpg,4,"General Physician,Orthopedics",5,350
Dr. Ripon Kumar Ghosh,https://doctime.com.bd/doctors/dr-ripon-kumar-ghosh-222468,https://doctime-core-ap-southeast-1.s3.ap-southeast-1.amazonaws.com/persons/277045/profile_photos/x6w02PVYWHYGkAmt0uLQ3r3MdLCpbo2sibolZz4x.jpg,10,"Orthopedist,General Physician",4.8,750
Dr. Miskat Aziz,https://doctime.com.bd/doctors/dr-miskat-aziz-532559,https://doctime-core-ap-southeast-1.s3.ap-southeast-1.amazonaws.com/persons/639481/profile_photos/R3farcfsTwtNB3Z6540JUfJDh780ShCLmzuYTxdI.png,12,General Physician,5,576
Assoc. Prof. Dr. H. M. Mahmud Harun,https://doctime.com.bd/doctors/assoc-prof-dr-h-m-mahmud-harun-16477935,https://doctime-core-ap-southeast-1.s3.ap-southeast-1.amazonaws.com/persons/16593029/profile_photos/qKxgATh7fmDSReFY6xmqvcomSmmugNzN3WlDa0PU.jpg,13,"Psychiatrist,General Physician",5,1049
Dr. Md Imran Bahadur,https://doctime.com.bd/doctors/dr-md-imran-bahadur-261841,https://doctime-core-ap-southeast-1.s3.ap-southeast-1.amazonaws.com/persons/321072/profile_photos/1LsJrREHlaMZrMkAuLCvRMGJUgSIHgIdk2yEDdRI.jpg,10,"Internal Medicine,General Physician",5,250
Dr. Md Muhshiul Alam,https://doctime.com.bd/doctors/dr-md-muhshiul-alam-16318059,https://doctime-core-ap-southeast-1.s3.ap-southeast-1.amazonaws.com/persons/16426946/profile_photos/q8fRgIUPCmMMCX4RABdG6Elq6MPbhJHNycWdjpmJ.jpg,5,"General Physician,Gastroenterology,Internal Medicine",5,350
Dr. Nasrin Sultana,https://doctime.com.bd/doctors/dr-nasrin-sultana-13426475,https://doctime-core-ap-southeast-1.s3.ap-southeast-1.amazonaws.com/persons/13510358/profile_photos/3smzu4wDDseGm0kRKc7lX5eSNtf7ZWE54hGOstrU.png,7,"Gynae & Obs,General Physician",5,750
Dr. Muhammad Mujibur Rahman,https://doctime.com.bd/doctors/dr-muhammad-mujibur-rahman-7119531,https://doctime-core-ap-southeast-1.s3.ap-southeast-1.amazonaws.com/persons/7165797/profile_photos/Iu7dR52jfNpeSzNDbWt7olSiV6lz91Bo9nwV1gn7.png,36,General Physician,5,650
Dr. Asif hossain,https://doctime.com.bd/doctors/dr-asif-hossain-11822719,https://doctime-core-ap-southeast-1.s3.ap-southeast-1.amazonaws.com/persons/11896600/profile_photos/2rgdnORKnBKAXgEaupv5PKPa8Ky5abIq7gN7bp3w.png,6,"Physical Medicine & Rehabilitation Specialist,General Physician",5,310
Dr. Flora Tasmin Nahar,https://doctime.com.bd/doctors/dr-flora-tasmin-nahar-11272981,https://doctime-core-ap-southeast-1.s3.ap-southeast-1.amazonaws.com/persons/11343884/profile_photos/VlPiQFqMjQRICWodyPXOEosiudvFOjURLUPx2cte.png,15,"Gynae & Obs,General Physician",5,1100
Dr. Md. Azam Iqbal Khan,https://doctime.com.bd/doctors/dr-md-azam-iqbal-khan-573933,https://doctime-core-ap-southeast-1.s3.ap-southeast-1.amazonaws.com/persons/688768/profile_photos/eA3Re83zVaH35JZNE1jphEKltmqb6pQWwopU6TgC.jpg,7,"General Physician,Psychiatrist",5,400
Dr. Md. Sadiqur Rahman,https://doctime.com.bd/doctors/dr-md-sadiqur-rahman-69,https://doctime-core-ap-southeast-1.s3.ap-southeast-1.amazonaws.com/persons/68/profile_photos/2rqN4m2JF4SDS1tugTmzVHtlxBg4hEdrHfgACfhk.png,11,"Endocrinologist,General Physician",4.9,300
Dr. Afsana Hoque,https://doctime.com.bd/doctors/dr-afsana-hoque-15793584,https://doctime-core-ap-southeast-1.s3.ap-southeast-1.amazonaws.com/persons/15896585/profile_photos/MKlm7Y0oru3LV8WvvYL8ic3ChTSl8xgKsaDbTakr.jpg,5,"General Physician,Dermatology",5,260
Dr. Kazi Sanjida Afrin,https://doctime.com.bd/doctors/dr-kazi-sanjida-afrin-5312513,https://doctime-core-ap-southeast-1.s3.ap-southeast-1.amazonaws.com/persons/5373655/profile_photos/MZsrPLnWpSaJgRldfEMfg8nO8TZKwQbQdCUrsAwn.png,5,"General Physician,Gynae & Obs",5,260
Dr. Salahuddin Farhan,https://doctime.com.bd/doctors/dr-salahuddin-farhan-130485,https://doctime-core-ap-southeast-1.s3.ap-southeast-1.amazonaws.com/persons/163201/profile_photos/zsPlNCQRRsw5w8dMZWdAL3HJxDlMXnQokjUyQos5.jpg,5,"General Physician,Cardiologist",5,400
Dr. Shubhendu Paul,https://doctime.com.bd/doctors/dr-shubhendu-paul-1883,https://doctime-core-ap-southeast-1.s3.ap-southeast-1.amazonaws.com/persons/1841/profile_photos/dnirZL3vkbJ1AcWK2eSTfA4HLPTrcItiyLbELqTB.jpg,9,General Physician,4.8,365
Dr. Tanjin Amin,https://doctime.com.bd/doctors/dr-tanjin-amin-94474,https://doctime-core-ap-southeast-1.s3.ap-southeast-1.amazonaws.com/persons/115767/profile_photos/NbnuhKpTNQcqaaJoVQaRE1L3nbsIiNpKHMM2WIcN.jpg,14,General Physician,4.9,313
Dr. Sharmin Akhter,https://doctime.com.bd/doctors/dr-sharmin-akhter-118586,https://doctime-core-ap-southeast-1.s3.ap-southeast-1.amazonaws.com/persons/148366/profile_photos/zUM6AaTU58Eu5M6JcT2V2ouu64C3KJnrFV72ARzA.png,6,"General Physician,Gynae & Obs",4.8,365
Dr. Ashir Inteshar,https://doctime.com.bd/doctors/dr-ashir-inteshar-12562285,https://doctime-core-ap-southeast-1.s3.ap-southeast-1.amazonaws.com/persons/12640763/profile_photos/YDziARWL7Cf8Z9dC8z6MWgrOh6NRyEU5mFpv1y3n.png,6,General Physician,5,250
Dr. Meherdad Yousuf Ahmed,https://doctime.com.bd/doctors/dr-meherdad-yousuf-ahmed-13968808,https://doctime-core-ap-southeast-1.s3.ap-southeast-1.amazonaws.com/persons/14056809/profile_photos/iYdotIE11URIIPmmrubxyg97RDdWoM9RSqYFh1bo.png,14,"Child Specialist,General Physician",5,450
Asst. Prof. Dr. Md Monirul Islam,https://doctime.com.bd/doctors/asst-prof-dr-md-monirul-islam-8660823,https://doctime-core-ap-southeast-1.s3.ap-southeast-1.amazonaws.com/persons/8715118/profile_photos/t0IC2LgsRb5yC1bXCmqQDnklrATlXgkrgIHMpa6l.png,30,General Physician,4.9,550
Dr. Kamran Uddin Ahmed,https://doctime.com.bd/doctors/dr-kamran-uddin-ahmed-1229159,https://doctime-core-ap-southeast-1.s3.ap-southeast-1.amazonaws.com/persons/1349601/profile_photos/yAiM1uOsvdOUTBVx8QCAJNyCa49ngFrdwenzaqis.jpg,9,"Internal Medicine,General Physician",5,250
Dr. Riffat Sharmin,https://doctime.com.bd/doctors/dr-riffat-sharmin-13038462,https://doctime-core-ap-southeast-1.s3.ap-southeast-1.amazonaws.com/persons/13119741/profile_photos/DRUOW759V8i7BtJdPc23xaX0xg8Ieno8zqy8P2is.png,12,"Gynae & Obs,General Physician",5,400
Dr. Abubakker Siddique,https://doctime.com.bd/doctors/dr-abubakker-siddique-16146268,https://doctime-core-ap-southeast-1.s3.ap-southeast-1.amazonaws.com/persons/16252078/profile_photos/jUEFoKZyvGnAV9UpYNAHSkycfPtj3eiSrk4yTmdB.jpg,10,"ENT Specialist,General Physician",5,750
Dr. Humayun Ahmed Nur,https://doctime.com.bd/doctors/dr-humayun-ahmed-nur-236232,https://doctime-core-ap-southeast-1.s3.ap-southeast-1.amazonaws.com/persons/292621/profile_photos/TY7KVR7NJoiPbKYNU9s1JJZ1aUq2hjoQZqafaGqT.jpg,10,General Physician,5,250
Dr. Md. Kamruzzaman Chowdhury,https://doctime.com.bd/doctors/dr-md-kamruzzaman-chowdhury-116028,https://doctime-core-ap-southeast-1.s3.ap-southeast-1.amazonaws.com/persons/144758/profile_photos/9iUGTluGOI2SjNwnzDzGE5JCBQ1uB3cTjwgPjlQj.jpg,5,"General Physician,Internal Medicine",5,425
Dr. Ayesha Ali,https://doctime.com.bd/doctors/dr-ayesha-ali-16254042,https://doctime-core-ap-southeast-1.s3.ap-southeast-1.amazonaws.com/persons/16361287/profile_photos/8bbEgAKQVrqEbotNK2skcREd6THr3xqrWkLylSf4.jpg,8,"Medicine Specialist,General Physician",5,1050
Dr. SALAH UDDIN ANAS,https://doctime.com.bd/doctors/dr-salah-uddin-anas-16793031,https://doctime-core-ap-southeast-1.s3.ap-southeast-1.amazonaws.com/persons/16919500/profile_photos/LL17RKmMtr0JZ7RmgOeRyerIIx2haE1xxDFj9ubx.jpg,11,"Pulmonologist,General Physician",5,750
Dr. Shariful Halim,https://doctime.com.bd/doctors/dr-shariful-halim-557788,https://doctime-core-ap-southeast-1.s3.ap-southeast-1.amazonaws.com/persons/669213/profile_photos/0iBr1Vsz6tbJcIicQyeZ6IkqQzLzFY11L1Hi1jkt.jpg,11,General Physician,5,680
Dr. Jannatun Nayem,https://doctime.com.bd/doctors/dr-jannatun-nayem-1726855,https://doctime-core-ap-southeast-1.s3.ap-southeast-1.amazonaws.com/persons/1843164/profile_photos/k4qUkTYkk5gaJeMDW0QFCaIh2NysAkGcpQ9lbhrE.jpg,5,"General Physician,Child Specialist",4.9,370
Dr. Md.Abde Hannan,https://doctime.com.bd/doctors/dr-mdabde-hannan-11169006,https://doctime-core-ap-southeast-1.s3.ap-southeast-1.amazonaws.com/persons/11239217/profile_photos/6jFmbL08kcX0C39Hn3fPl9YBMzLJXLneAyIlgZbC.png,4,General Physician,5,250
Dr. Rezwana Jahan,https://doctime.com.bd/doctors/dr-rezwana-jahan-130871,https://doctime-core-ap-southeast-1.s3.ap-southeast-1.amazonaws.com/persons/163658/profile_photos/yq4isZzM6X0eduAqhz1d2wykgPDFUJIIX64sBYOa.png,4,"Gynae & Obs,General Physician",5,250
Dr. Aminur Rasul,https://doctime.com.bd/doctors/dr-aminur-rasul-16215035,https://doctime-core-ap-southeast-1.s3.ap-southeast-1.amazonaws.com/persons/16321673/profile_photos/qUQRocfi4l8DF6h23Z9TPqzG1ibxRrxIwqRW6yjo.jpg,12,"Orthopedist,General Physician",5,550
Asst. Prof. Dr. Aysha Sabiha,https://doctime.com.bd/doctors/asst-prof-dr-aysha-sabiha-16670348,https://doctime-core-ap-southeast-1.s3.ap-southeast-1.amazonaws.com/persons/16792059/profile_photos/QTxLu7cGWkvjauCb3WYEHCA30QyOJEyw6dzeA7Kx.jpg,10,"Gastroenterology,General Physician",5,750
Dr. Afroza Sultana,https://doctime.com.bd/doctors/dr-afroza-sultana-82951,https://doctime-core-ap-southeast-1.s3.ap-southeast-1.amazonaws.com/persons/101149/profile_photos/Oi45tBBoZ3K3Zcd0yTlLo04rUJIBbvLWyFuHNsLW.png,8,"General Physician,Gynae & Obs",4.9,500
Dr. Md. Jahidul Haque,https://doctime.com.bd/doctors/dr-md-jahidul-haque-225695,https://doctime-core-ap-southeast-1.s3.ap-southeast-1.amazonaws.com/persons/280671/profile_photos/63UdO0rxRshQogdLiwkydi9vDZ34peiuNUWOZ06y.jpg,5,General Physician,5,250
Dr. Olivia Akter,https://doctime.com.bd/doctors/dr-olivia-akter-10330845,https://doctime-core-ap-southeast-1.s3.ap-southeast-1.amazonaws.com/persons/10395674/profile_photos/LhF2icjJ3nC98BxlJ8prSABq29kYubPR9tmUV5Dk.png,13,"Child Specialist,General Physician",5,550
Dr. S M Firoz Rashid,https://doctime.com.bd/doctors/dr-s-m-firoz-rashid-47904,https://doctime-core-ap-southeast-1.s3.ap-southeast-1.amazonaws.com/persons/57013/profile_photos/cqZtOq2EjQIEaaVSMWkWYSqLjgJFu8X6s176FXmy.png,7,General Physician,5,350
Dr. Imran Hafiz,https://doctime.com.bd/doctors/dr-imran-hafiz-4239,https://doctime-core-ap-southeast-1.s3.ap-southeast-1.amazonaws.com/persons/4197/profile_photos/uSmL5tweWBq8GuCpIkvdSrGWbcaDDymNwebQaLwd.png,8,General Physician,4.9,400
Dr. A R Chowdhury,https://doctime.com.bd/doctors/dr-a-r-chowdhury-390888,https://doctime-core-ap-southeast-1.s3.ap-southeast-1.amazonaws.com/persons/465501/profile_photos/VZNx6C5o5B1TqmMpOpqUsujKDFokKg9l7vREdHGO.jpg,4,General Physician,5,365
Dr. Nasrin Nahar,https://doctime.com.bd/doctors/dr-nasrin-nahar-12952899,https://doctime-core-ap-southeast-1.s3.ap-southeast-1.amazonaws.com/persons/13033515/profile_photos/7BW1orrmzYXsSS9lMZOS4iXj5cMyzyykeAhgqLW9.png,14,"Child Specialist,General Physician",5,550
Dr. Md. Moniruzzaman,https://doctime.com.bd/doctors/dr-md-moniruzzaman-1022770,https://doctime-core-ap-southeast-1.s3.ap-southeast-1.amazonaws.com/persons/1144176/profile_photos/QdbYUHY8sEwYKF2YVdQ3X90ckial0njTTvm7EsXz.jpg,7,General Physician,5,250
Dr. Shible Sadik,https://doctime.com.bd/doctors/dr-shible-sadik-6203620,https://doctime-core-ap-southeast-1.s3.ap-southeast-1.amazonaws.com/persons/6244742/profile_photos/oYVSEzz22WJ7KbOmRncKz35vTENh2ZiBkO3iAHj1.png,6,"General Physician,Ophthalmologist",5,250
Dr. Debolina pandit,https://doctime.com.bd/doctors/dr-debolina-pandit-10878541,https://doctime-core-ap-southeast-1.s3.ap-southeast-1.amazonaws.com/persons/10946881/profile_photos/oy0X1QfUv3aCv1dTzayXCzZCGVP8cZb1V03hPvUn.png,4,"Gynae & Obs,General Physician",5,350
Asst. Prof. Dr. Manira Khanam Nishi,https://doctime.com.bd/doctors/asst-prof-dr-manira-khanam-nishi-354180,https://doctime-core-ap-southeast-1.s3.ap-southeast-1.amazonaws.com/persons/423452/profile_photos/CL0IyD3QtGjvJkJgpxm8w8ovpfPXfm0Cf8emvnfE.jpg,6,General Physician,5,350
Dr. Md. Radwanur Rahman Anik,https://doctime.com.bd/doctors/dr-md-radwanur-rahman-anik-59079,https://doctime-core-ap-southeast-1.s3.ap-southeast-1.amazonaws.com/persons/70843/profile_photos/yYc9oeWytgBUo2dLSuJhH1SAROe8VqPykcAVWYvq.png,10,General Physician,5,550
Assoc. Prof. Dr. Md. Mahfuzul Haque Sarkar,https://doctime.com.bd/doctors/assoc-prof-dr-md-mahfuzul-haque-sarkar-9723,https://doctime-core-ap-southeast-1.s3.ap-southeast-1.amazonaws.com/persons/9679/profile_photos/Qz5CHp0LQ10C4qZ0JK7E5vXxjA9xmfbW9wLdzofB.png,11,General Physician,5,700
Dr. Abu Wahab Md Rizaul Arif,https://doctime.com.bd/doctors/dr-abu-wahab-md-rizaul-arif-2366004,https://doctime-core-ap-southeast-1.s3.ap-southeast-1.amazonaws.com/persons/2475367/profile_photos/3XA52shq08L7flfDEVJSsdigUMhTZPH6Ont8gz8B.png,29,General Physician,5,549
Dr. Akhiruzzaman Rakib,https://doctime.com.bd/doctors/dr-akhiruzzaman-rakib-202593,https://doctime-core-ap-southeast-1.s3.ap-southeast-1.amazonaws.com/persons/253206/profile_photos/ayHd5ukHWQJ5cWqQmmXkOe0eKxDZcIEYhBP57EFq.jpg,10,General Physician,5,300
Dr. Ashraful Islam,https://doctime.com.bd/doctors/dr-ashraful-islam-6965183,https://doctime-core-ap-southeast-1.s3.ap-southeast-1.amazonaws.com/persons/7010713/profile_photos/v1xqM31JEj98aXyvyVl3huBPUIHrKNWSObwxNDyt.jpg,9,"Cardiologist,General Physician",5,400
Dr. Farjana Mojumder,https://doctime.com.bd/doctors/dr-farjana-mojumder-6834400,https://doctime-core-ap-southeast-1.s3.ap-southeast-1.amazonaws.com/persons/6879218/profile_photos/chr9KMpkY8i6wgTYttikToNNBuPHvY7cfoix7OQQ.png,9,"General Physician,Endocrinologist",5,313
Dr. Nahid Azhar,https://doctime.com.bd/doctors/dr-nahid-azhar-71,https://doctime-core-ap-southeast-1.s3.ap-southeast-1.amazonaws.com/persons/70/profile_photos/T18VDR08VTaLDMfLUW6zEpq3UwHoZ9C2diDH2dky.jpeg,10,"General Physician,Cardiologist",4.9,418
Dr. Mohammed Zahadul Islam Chowdhury,https://doctime.com.bd/doctors/dr-mohammed-zahadul-islam-chowdhury-489311,https://doctime-core-ap-southeast-1.s3.ap-southeast-1.amazonaws.com/persons/588318/profile_photos/cNbh7rwsmcsWSCor6Z8NczN0aqscFVu9ouNccNV0.jpg,17,General Physician,5,260
Dr. Tawhid Uddin Ahmed,https://doctime.com.bd/doctors/dr-tawhid-uddin-ahmed-4430896,https://doctime-core-ap-southeast-1.s3.ap-southeast-1.amazonaws.com/persons/4510890/profile_photos/itRUKtFK0BD1nRo7mbW6bnoSECaLKpiBhZF3ad7n.png,5,"General Physician,Cardiologist",5,680
Dr. Ali Newaj Chowdhury Jishan,https://doctime.com.bd/doctors/dr-ali-newaj-chowdhury-jishan-116736,https://doctime-core-ap-southeast-1.s3.ap-southeast-1.amazonaws.com/persons/145781/profile_photos/XpNrgY9HA6BOFBv9e2SHU3GuMDjjjdaGvVRHf3Vn.jpg,7,"General Physician,Child Specialist",5,350
Dr. Md Sabbir Ahmmed,https://doctime.com.bd/doctors/dr-md-sabbir-ahmmed-53400,https://doctime-core-ap-southeast-1.s3.ap-southeast-1.amazonaws.com/persons/63805/profile_photos/GX61RTXPa7OIN0AWcsZ9NBHEdCOiNOQCKFMW3vWh.jpg,6,General Physician,4.8,250
Dr. Most. Nahida Akter,https://doctime.com.bd/doctors/dr-most-nahida-akter-1223489,https://doctime-core-ap-southeast-1.s3.ap-southeast-1.amazonaws.com/persons/1343952/profile_photos/q8RS0VPSDGaxtyLqnlnodgqEpPkrLonYW3CwaUOr.jpg,7,General Physician,5,350
Dr. Md. Ehsanul Kabir,https://doctime.com.bd/doctors/dr-md-ehsanul-kabir-287336,https://doctime-core-ap-southeast-1.s3.ap-southeast-1.amazonaws.com/persons/349502/profile_photos/1UZJn4cM7vd9fLsvnRcS5eGhk4f6Yig7jJLgJ0HY.jpg,19,General Physician,4.9,1310
Dr. Asma binte osman Shathi,https://doctime.com.bd/doctors/dr-asma-binte-osman-shathi-9522980,https://doctime-core-ap-southeast-1.s3.ap-southeast-1.amazonaws.com/persons/9582584/profile_photos/32uemK5aNHym5Mam8UIldhfDzRZoa0cvleWcG6QL.png,8,General Physician,5,350
Dr. Udity Roy,https://doctime.com.bd/doctors/dr-udity-roy-11005306,https://doctime-core-ap-southeast-1.s3.ap-southeast-1.amazonaws.com/persons/11074227/profile_photos/FYmabOiJcXYCBALblnoegXiiqDD6k3Cnd444Ggqw.jpg,5,"Gynae & Obs,General Physician",5,250
Dr. Md Altaf Hossain,https://doctime.com.bd/doctors/dr-md-altaf-hossain-13361852,https://doctime-core-ap-southeast-1.s3.ap-southeast-1.amazonaws.com/persons/13445321/profile_photos/zjs6RdAsf1cqtakPFaey5EulB6pQkHnFOZ7cTyAN.png,4,General Physician,5,300
Dr. Nourin Nahar,https://doctime.com.bd/doctors/dr-nourin-nahar-36411,https://doctime-core-ap-southeast-1.s3.ap-southeast-1.amazonaws.com/persons/43442/profile_photos/i50Gj0NEK4TzPRITTfQEvwdDbfUEbLBSID3OO2CI.png,7,General Physician,4.9,400
Dr. Ishteak Ahmed Oneek,https://doctime.com.bd/doctors/dr-ishteak-ahmed-oneek-515884,https://doctime-core-ap-southeast-1.s3.ap-southeast-1.amazonaws.com/persons/620312/profile_photos/R4zM5j9GJOYjtLarQI9t84FkBHTgtJcFEG4REJQd.jpg,11,General Physician,5,550
Dr. Taslim Ul Islam,https://doctime.com.bd/doctors/dr-taslim-ul-islam-244914,https://doctime-core-ap-southeast-1.s3.ap-southeast-1.amazonaws.com/persons/302265/profile_photos/DOHJ5SGAbfMiRTMY6Lsmyjf0EEpVxJDob05jTSe8.png,9,"Internal Medicine,Family Medicine,General Physician",5,350
Dr. Anwarul Kabir,https://doctime.com.bd/doctors/dr-anwarul-kabir-16547553,https://doctime-core-ap-southeast-1.s3.ap-southeast-1.amazonaws.com/persons/16665104/profile_photos/1Qn3e4FyAXkgnd9gkQWUAWHLYqMQqZQ0wJ8DXo9Y.jpg,14,"General Physician,Internal Medicine",5,270
Dr. Tanzina Parvin,https://doctime.com.bd/doctors/dr-tanzina-parvin-4411416,https://doctime-core-ap-southeast-1.s3.ap-southeast-1.amazonaws.com/persons/4491774/profile_photos/hx5U5OLwdx7MRnVGX6Z9AwDs22lG0XEMkylr1QrS.png,4,"General Physician,Gynae & Obs",4.8,260
Dr. NRIPENDRA NATH ROY,https://doctime.com.bd/doctors/dr-nripendra-nath-roy-2241327,https://doctime-core-ap-southeast-1.s3.ap-southeast-1.amazonaws.com/persons/2352031/profile_photos/zpzCPZsyN1NsdkrrjB0V6aPG3zfPZhdoshJFizwU.png,8,"General Physician,ENT Specialist",4.9,250
Dr. Hasan jamil ibne rouf,https://doctime.com.bd/doctors/dr-hasan-jamil-ibne-rouf-11241792,https://doctime-core-ap-southeast-1.s3.ap-southeast-1.amazonaws.com/persons/11312488/profile_photos/flBzNdk22JsrnhxpxXDHktxLbjRJp6Ww7EaF8Q23.png,11,"ENT Specialist,General Physician",5,450
Dr. Md.Mahidul Islam,https://doctime.com.bd/doctors/dr-mdmahidul-islam-263437,https://doctime-core-ap-southeast-1.s3.ap-southeast-1.amazonaws.com/persons/322869/profile_photos/wM2yf4ccoZwGOUGysCBBuCc4E1fse6MKrLapfCP3.png,5,General Physician,4.9,260
Dr. Tajkiratun Naim,https://doctime.com.bd/doctors/dr-tajkiratun-naim-14464940,https://doctime-core-ap-southeast-1.s3.ap-southeast-1.amazonaws.com/persons/14556551/profile_photos/Hc5cYrKQMrYlvuN5vipRnmgJRBdee6zP2dHeU9sp.jpg,11,"Ophthalmologist,General Physician",5,450
Dr. TANIA AKTAR RANU,https://doctime.com.bd/doctors/dr-tania-aktar-ranu-8839690,https://doctime-core-ap-southeast-1.s3.ap-southeast-1.amazonaws.com/persons/8894959/profile_photos/EvbNeCrKb3OsDXaEFcjIAcxs6yZWKBT12vJlPjFd.png,12,"General Physician,Child Specialist",5,300
Dr. MD.SHAHZALAL UDDIN,https://doctime.com.bd/doctors/dr-mdshahzalal-uddin-496389,https://doctime-core-ap-southeast-1.s3.ap-southeast-1.amazonaws.com/persons/596832/profile_photos/hf0zVxODYPR0H90L8epngFoNWY7w0DFN7H6Vxc98.png,10,General Physician,5,365
Dr. Niamul Maula Akash,https://doctime.com.bd/doctors/dr-niamul-maula-akash-57961,https://doctime-core-ap-southeast-1.s3.ap-southeast-1.amazonaws.com/persons/69622/profile_photos/oUS7c2mDNIldxArmDme8sH7znmGAltLbprFnn0Hz.jpg,7,General Physician,5,550
Dr. Rezwana Karim Roshny,https://doctime.com.bd/doctors/dr-rezwana-karim-roshny-8493035,https://doctime-core-ap-southeast-1.s3.ap-southeast-1.amazonaws.com/persons/8546525/profile_photos/7otRf4jNiutrENzNpaydzvLJsY90tacxCoR2Ijka.png,11,General Physician,5,550
Dr. Tapas Majumder,https://doctime.com.bd/doctors/dr-tapas-majumder-716722,https://doctime-core-ap-southeast-1.s3.ap-southeast-1.amazonaws.com/persons/838898/profile_photos/KLbiNQK74beySTiVHSjwOsZG6uu7n1Tf0Sbx3ref.jpg,16,"General Physician,Internal Medicine",5,500
Dr. Sharmin Akter,https://doctime.com.bd/doctors/dr-sharmin-akter-309944,https://doctime-core-ap-southeast-1.s3.ap-southeast-1.amazonaws.com/persons/374566/profile_photos/g8ICiy6JdrnHGh8FAud1U3NaPbW4hegSvn5UO2j9.jpg,5,General Physician,5,250
Dr. TANJIRUL ISLAM,https://doctime.com.bd/doctors/dr-tanjirul-islam-14827285,https://doctime-core-ap-southeast-1.s3.ap-southeast-1.amazonaws.com/persons/14921596/profile_photos/F9k8KE0uBPhSGVrAaZkqEf2u7ANFguiyNeK9c20K.jpg,8,"Child Specialist,General Physician",5,550
Dr. Sabbosachi biswas,https://doctime.com.bd/doctors/dr-sabbosachi-biswas-49573,https://doctime-core-ap-southeast-1.s3.ap-southeast-1.amazonaws.com/persons/59162/profile_photos/ybvQOJh4CCAoufN348RcOTo8Spn6qxq99oZaiQFr.png,6,General Physician,5,260
Dr. Ifaz Hossain Chowdhury,https://doctime.com.bd/doctors/dr-ifaz-hossain-chowdhury-48460,https://doctime-core-ap-southeast-1.s3.ap-southeast-1.amazonaws.com/persons/57730/profile_photos/0gWLMlHwMRc7EhG2DaEs6qd6QVvs11306Rl2eWpv.jpg,7,General Physician,5,450
Dr. Nurunnessa Sathi,https://doctime.com.bd/doctors/dr-nurunnessa-sathi-1517760,https://doctime-core-ap-southeast-1.s3.ap-southeast-1.amazonaws.com/persons/1636048/profile_photos/k6B7EZMJ3ZU5hi6YixwJy3GksJxJbwrqmh7y5Omi.jpg,3,"General Physician,Gynae & Obs",4.9,250
Dr. Abrar Kabir,https://doctime.com.bd/doctors/dr-abrar-kabir-16050139,https://doctime-core-ap-southeast-1.s3.ap-southeast-1.amazonaws.com/persons/16155175/profile_photos/Srs7JlkHmizgTS2Z8WZlM5BDMqmy0oGms9R2QPCl.jpg,7,General Physician,5,350
Dr. Suvoshree Das,https://doctime.com.bd/doctors/dr-suvoshree-das-157661,https://doctime-core-ap-southeast-1.s3.ap-southeast-1.amazonaws.com/persons/197738/profile_photos/V7EkuhqnV2KzjCvAudhcIhiyvF3aBtVa9anEF6Gd.jpg,6,General Physician,5,450
Dr. Ashraful Alam,https://doctime.com.bd/doctors/dr-ashraful-alam-16474593,https://doctime-core-ap-southeast-1.s3.ap-southeast-1.amazonaws.com/persons/16589554/profile_photos/e4ufnFtUqyqpogaXvOh10ftDjtiTqXv0SmMQTurA.jpg,7,"Child Specialist,General Physician",5,260
Dr. Md. Faisal Huda,https://doctime.com.bd/doctors/dr-md-faisal-huda-16442950,https://doctime-core-ap-southeast-1.s3.ap-southeast-1.amazonaws.com/persons/16556514/profile_photos/DyEzhnguLxJZaETk5L9Hkv7R08Bjm5DmJQRoRwU1.jpg,9,"Medicine Specialist,General Physician",5,850
Dr. Md. Saifullah Saif,https://doctime.com.bd/doctors/dr-md-saifullah-saif-12477677,https://doctime-core-ap-southeast-1.s3.ap-southeast-1.amazonaws.com/persons/12555593/profile_photos/Rq8pSkdkJ7S0RaII2KMm9UJXZDi8lvR44ctXyNbe.png,8,"General Physician,Cardiologist",5,450
Dr. MD. Akik Hossain,https://doctime.com.bd/doctors/dr-md-akik-hossain-10122483,https://doctime-core-ap-southeast-1.s3.ap-southeast-1.amazonaws.com/persons/10185957/profile_photos/wpn5T3BwTdN4LKqftty0pmTsq1XlnYiRpfNEv1ia.png,1,"General Physician,Dermatology,Internal Medicine",5,550
Dr. Shaon Mohalder,https://doctime.com.bd/doctors/dr-shaon-mohalder-5176508,https://doctime-core-ap-southeast-1.s3.ap-southeast-1.amazonaws.com/persons/5240804/profile_photos/AVDH783jtEHqONBcyUzIEAgUWUWID6NiumYrVF82.png,8,"General Physician,Cardiologist,Internal Medicine",5,350
Dr. Muhammad Ashraf Ul Alam,https://doctime.com.bd/doctors/dr-muhammad-ashraf-ul-alam-15989915,https://doctime-core-ap-southeast-1.s3.ap-southeast-1.amazonaws.com/persons/16094465/profile_photos/lMNzewneujE3ZTBTI6gJ2MdIjamHejqspTzYd1xO.jpg,5,"Orthopedist,General Physician",5,650
Dr. H M MASHIUR RAHMAN,https://doctime.com.bd/doctors/dr-h-m-mashiur-rahman-166075,https://doctime-core-ap-southeast-1.s3.ap-southeast-1.amazonaws.com/persons/207409/profile_photos/vyvyUv0cwu07dBYtjHJDzYlXCzz8X8KBhEKV6WG3.jpg,7,General Physician,5,400
Dr. MST. UMME HABIBA,https://doctime.com.bd/doctors/dr-mst-umme-habiba-424869,https://doctime-core-ap-southeast-1.s3.ap-southeast-1.amazonaws.com/persons/506968/profile_photos/ViniwZ2qcGHpCH3EdqSTvBsJn1ka04gkrNDuRBdL.png,8,General Physician,5,360
Dr. Ahsan Abdullah,https://doctime.com.bd/doctors/dr-ahsan-abdullah-27367,https://doctime-core-ap-southeast-1.s3.ap-southeast-1.amazonaws.com/persons/32415/profile_photos/YiiJ6f5o6lvP7d7NeBmpwOtMobTeF0Tvpi745iPo.png,6,General Physician,5,250
Dr. Sarowar Jahan,https://doctime.com.bd/doctors/dr-sarowar-jahan-5510,https://doctime-core-ap-southeast-1.s3.ap-southeast-1.amazonaws.com/persons/5468/profile_photos/ZvKl7Fs3ECWUQlgDuu3tGnTzPCeNigLogh101ZQA.png,6,General Physician,5,300
Dr. MAHFUZUL KARIM,https://doctime.com.bd/doctors/dr-mahfuzul-karim-7458479,https://doctime-core-ap-southeast-1.s3.ap-southeast-1.amazonaws.com/persons/7506700/profile_photos/sxm1JX66p1ZVAKF20WV2HZLxovbQhsleYX7rDPuh.png,18,General Physician,5,650
Dr. Afsana Zahan Bristy,https://doctime.com.bd/doctors/dr-afsana-zahan-bristy-196449,https://doctime-core-ap-southeast-1.s3.ap-southeast-1.amazonaws.com/persons/245515/profile_photos/7RUtzVwRIxtxoqGWGI40n4sUrDms8AWNhIKhOeIT.jpg,7,General Physician,5,550
Dr. Suraya Zebin Mousumi,https://doctime.com.bd/doctors/dr-suraya-zebin-mousumi-83049,https://doctime-core-ap-southeast-1.s3.ap-southeast-1.amazonaws.com/persons/101277/profile_photos/CE8J5bQzPCqzKzWgCi2vp8ei9Lu6TJbshnoOv6vt.jpg,9,General Physician,5,500
Dr. Md. Naim Uddin,https://doctime.com.bd/doctors/dr-md-naim-uddin-283817,https://doctime-core-ap-southeast-1.s3.ap-southeast-1.amazonaws.com/persons/345466/profile_photos/EZWKNEYX7uut1aEPNLWH2J7aupqsPAJqoxKLvTcY.jpg,9,General Physician,5,550
Dr. Samin Yaser Akash,https://doctime.com.bd/doctors/dr-samin-yaser-akash-177756,https://doctime-core-ap-southeast-1.s3.ap-southeast-1.amazonaws.com/persons/221761/profile_photos/PGh4qYvdoyGxjI0Wfux4tqTmeR0z0AJ2TdSrJl5c.png,6,"General Physician,Internal Medicine",5,575
Dr. Upal Chowdhury,https://doctime.com.bd/doctors/dr-upal-chowdhury-132759,https://doctime-core-ap-southeast-1.s3.ap-southeast-1.amazonaws.com/persons/166183/profile_photos/F9H4IFb2uJo3pmuEWEkGnFzTG1h3jKmhKPud7X9w.jpg,7,General Physician,5,300
Dr. Shakil Ahmed,https://doctime.com.bd/doctors/dr-shakil-ahmed-9686,https://doctime-core-ap-southeast-1.s3.ap-southeast-1.amazonaws.com/persons/9642/profile_photos/5nm3W4b8MAEldAd83jqICujdUNs1ryyDFRJAgGYJ.jpg,9,"General Physician,Child Specialist",5,550
Dr. Turanjoy Mukherjee,https://doctime.com.bd/doctors/dr-turanjoy-mukherjee-66,https://doctime-core-ap-southeast-1.s3.ap-southeast-1.amazonaws.com/persons/65/profile_photos/xILxW3fTnOYwp1T5iD0BEt3RHC0NF2gDZki51kaj.jpeg,9,General Physician,5,350
Dr. Tahsin Mahmud Sadman,https://doctime.com.bd/doctors/dr-tahsin-mahmud-sadman-164813,https://doctime-core-ap-southeast-1.s3.ap-southeast-1.amazonaws.com/persons/206001/profile_photos/BbCyX9PolpJYM8sT6EPPweYOP5ZeKl1saXg946LI.jpg,7,General Physician,5,365
Dr. Najma Sultana,https://doctime.com.bd/doctors/dr-najma-sultana-12886641,https://doctime-core-ap-southeast-1.s3.ap-southeast-1.amazonaws.com/persons/12966935/profile_photos/bk6kvHUyjf4OlMbnlLmqjZ8Iot6GqqY5wSaXNJtZ.png,6,"Ophthalmologist,General Physician",5,575
Dr. MOSTAFA MAHTAB TOAHA,https://doctime.com.bd/doctors/dr-mostafa-mahtab-toaha-59502,https://doctime-core-ap-southeast-1.s3.ap-southeast-1.amazonaws.com/persons/71318/profile_photos/y1nmjM5x0MERR8VdOzxQhNDoAmLTZFT2VTLGivxv.jpg,10,General Physician,5,350
Dr. Ihabul Alam,https://doctime.com.bd/doctors/dr-ihabul-alam-179228,https://doctime-core-ap-southeast-1.s3.ap-southeast-1.amazonaws.com/persons/223601/profile_photos/5vhhHV4Xx0AFtfDJN3qJEDQ6Df8UGfo3qwacTXNY.jpg,4,General Physician,5,270
Dr. AHASAN HABIB,https://doctime.com.bd/doctors/dr-ahasan-habib-3126404,https://doctime-core-ap-southeast-1.s3.ap-southeast-1.amazonaws.com/persons/3226317/profile_photos/k6ZS8gSKaePL5SgOIS2F1l4P2GfRsZChVyWIZrTC.png,6,"General Physician,Family Medicine",5,350
Dr. Sumaiya Islam,https://doctime.com.bd/doctors/dr-sumaiya-islam-2512484,https://doctime-core-ap-southeast-1.s3.ap-southeast-1.amazonaws.com/persons/2620059/profile_photos/qKYGeYzDRy4K5wx7W90KOuy5uZnJb8MhfiH8LkIp.jpg,6,General Physician,5,350
Dr. Maisha Maliha Shams,https://doctime.com.bd/doctors/dr-maisha-maliha-shams-16478813,https://doctime-core-ap-southeast-1.s3.ap-southeast-1.amazonaws.com/persons/16593941/profile_photos/bCFMUYtTGP6l2FrFRD6h7DA7PnAxWcp24GTZKX6N.jpg,5,General Physician,5,250
Dr. Raisa Saraf Chowdhury,https://doctime.com.bd/doctors/dr-raisa-saraf-chowdhury-16627907,https://doctime-core-ap-southeast-1.s3.ap-southeast-1.amazonaws.com/persons/16748052/profile_photos/W7UG2AoLG5ybf1IQaWqaaWxMVl6OS9hmIrwX3fwn.jpg,7,General Physician,5,350
Dr. SK Abid Al Hasan,https://doctime.com.bd/doctors/dr-sk-abid-al-hasan-3532458,https://doctime-core-ap-southeast-1.s3.ap-southeast-1.amazonaws.com/persons/3627813/profile_photos/hv3h6zxzor8IPHLAQ51q6LtJMdu2b20iZugSJRE3.png,9,General Physician,5,313
Dr. K.M.Munim Hasan,https://doctime.com.bd/doctors/dr-kmmunim-hasan-712556,https://doctime-core-ap-southeast-1.s3.ap-southeast-1.amazonaws.com/persons/834717/profile_photos/t3KBCMtBPDPOTnVvcKO2LgUScbIlWj5SWLT7AHV5.jpg,6,General Physician,5,250
Dr. Md. Mahmudul Hasan,https://doctime.com.bd/doctors/dr-md-mahmudul-hasan-111001,https://doctime-core-ap-southeast-1.s3.ap-southeast-1.amazonaws.com/persons/137985/profile_photos/pecwWUCKAaypcTybtbehLI8VCRleMVUO76l8wtoU.jpg,6,General Physician,5,640
Dr. Nusrat Razia,https://doctime.com.bd/doctors/dr-nusrat-razia-106027,https://doctime-core-ap-southeast-1.s3.ap-southeast-1.amazonaws.com/persons/131224/profile_photos/rnPBgFR9KS1Py444c1FcRx8UBNX1dgiUh0nMhCfz.jpg,10,General Physician,5,400
Dr. A K M KAMRUL HASAN,https://doctime.com.bd/doctors/dr-a-k-m-kamrul-hasan-485193,https://doctime-core-ap-southeast-1.s3.ap-southeast-1.amazonaws.com/persons/583485/profile_photos/jJFNHRMui3HF2L21E32fESN1lyOuyBDDJlYxJazd.png,10,General Physician,5,450
Dr. Monzur Hussain Chowdhury,https://doctime.com.bd/doctors/dr-monzur-hussain-chowdhury-58874,https://doctime-core-ap-southeast-1.s3.ap-southeast-1.amazonaws.com/persons/70614/profile_photos/zUj1kVQwQGJgzyUDXy6DtFNYxZq9ZbY9koLhBtYf.jpg,7,General Physician,4.8,365
Dr. Rokunuzzaman Pavel,https://doctime.com.bd/doctors/dr-rokunuzzaman-pavel-203548,https://doctime-core-ap-southeast-1.s3.ap-southeast-1.amazonaws.com/persons/254373/profile_photos/9MEIt50qdm2MkUR5mIB73sFL7CjD5S9NNlDJvRRx.jpg,9,General Physician,4.8,450
Dr. Masuma Jahan,https://doctime.com.bd/doctors/dr-masuma-jahan-149947,https://doctime-core-ap-southeast-1.s3.ap-southeast-1.amazonaws.com/persons/188407/profile_photos/7ars1xoddNSIO8xArEJzKsjXyeG0Et2XxZDBtzmy.jpg,2,"General Physician,Internal Medicine",4.9,250
Dr. Rawnak Jahan,https://doctime.com.bd/doctors/dr-rawnak-jahan-433223,https://doctime-core-ap-southeast-1.s3.ap-southeast-1.amazonaws.com/persons/516901/profile_photos/ocO2Obhelf5fjHixwrA2GIOfMtrX9f0kwXbqbbm1.jpg,4,General Physician,5,550
Dr. Md. Maroful Hassan,https://doctime.com.bd/doctors/dr-md-maroful-hassan-335308,https://doctime-core-ap-southeast-1.s3.ap-southeast-1.amazonaws.com/persons/402374/profile_photos/q0dh4aCCL0y8fyXVxWL9k3LDQbu3uqufR8qmLHyE.jpg,4,General Physician,5,300
Dr. Md.Anwarul Haque,https://doctime.com.bd/doctors/dr-mdanwarul-haque-16706358,https://doctime-core-ap-southeast-1.s3.ap-southeast-1.amazonaws.com/persons/16829540/profile_photos/EwKjGuIGWO67AlEeA29bLqDxWU10SRDZ4SpDoRrN.jpg,4,General Physician,5,450
Dr. Zakir Hossen,https://doctime.com.bd/doctors/dr-zakir-hossen-14905928,https://doctime-core-ap-southeast-1.s3.ap-southeast-1.amazonaws.com/persons/15000839/profile_photos/K20Wfs9CMQdH5ktWRVTYfDvQXRjWmGILxb0NlCpc.jpg,10,"General Physician,Internal Medicine",5,550
Dr. Md.Salauddin Miah,https://doctime.com.bd/doctors/dr-mdsalauddin-miah-5483401,https://doctime-core-ap-southeast-1.s3.ap-southeast-1.amazonaws.com/persons/5540559/profile_photos/ekqHOz7jxLPplougEy4STpiFMz1jtZndyRHVUpbn.png,,"General Physician,Child Specialist",5,350
Dr. Mehedi Tonmoy,https://doctime.com.bd/doctors/dr-mehedi-tonmoy-13493757,https://doctime-core-ap-southeast-1.s3.ap-southeast-1.amazonaws.com/persons/13578079/profile_photos/tqhxetIOca5HFasmPAAN8j4YWF2SCdVMOhUTAhgc.png,10,General Physician,5,350
Dr. Nawrin Ahmed Dristy,https://doctime.com.bd/doctors/dr-nawrin-ahmed-dristy-268123,https://doctime-core-ap-southeast-1.s3.ap-southeast-1.amazonaws.com/persons/328121/profile_photos/cX72cDVf7pXvbYZKnpG1xIEhtNKBjkRsk07Da0ov.jpg,3,General Physician,5,600
Dr. A. S. M. ASHEQUZZAMAN MAZUMDER,https://doctime.com.bd/doctors/dr-a-s-m-ashequzzaman-mazumder-1527033,https://doctime-core-ap-southeast-1.s3.ap-southeast-1.amazonaws.com/persons/1645211/profile_photos/FNdjfKAdL5rogcYaxcht3SZsRBQtH169UmtpVjib.jpg,11,General Physician,5,450
Dr. Muhammad Zubayer khan,https://doctime.com.bd/doctors/dr-muhammad-zubayer-khan-23464,https://doctime-core-ap-southeast-1.s3.ap-southeast-1.amazonaws.com/persons/27764/profile_photos/jiC507hkLqR8ZKYR9QCfZfgBk73Y3NOsYCGOS5e0.jpg,6,General Physician,4.9,260
Dr. Muhammad Ayaaz Ibrahim,https://doctime.com.bd/doctors/dr-muhammad-ayaaz-ibrahim-16079566,https://doctime-core-ap-southeast-1.s3.ap-southeast-1.amazonaws.com/persons/16184814/profile_photos/CuhPMs3z4JcnPewx46TYOfzWbdB2l5il7TsQCsUc.jpg,8,"General Physician,Psychiatrist",4.9,600
Dr. Wobaidur Rahman Eyamin,https://doctime.com.bd/doctors/dr-wobaidur-rahman-eyamin-14380346,https://doctime-core-ap-southeast-1.s3.ap-southeast-1.amazonaws.com/persons/14471344/profile_photos/ueHouNgGzrZMe1gbk7sGAGy2f8k3kWdzJLIXHH3D.png,9,General Physician,5,400
Dr. Abdullah Al Noman Noman,https://doctime.com.bd/doctors/dr-abdullah-al-noman-noman-279938,https://doctime-core-ap-southeast-1.s3.ap-southeast-1.amazonaws.com/persons/341128/profile_photos/HBMHWRZ22wqeyYfHEThOnCXa1sRdjYL9vXCmG4Ki.jpg,6,General Physician,5,350
Dr. Atashi Irtiza,https://doctime.com.bd/doctors/dr-atashi-irtiza-44644,https://doctime-core-ap-southeast-1.s3.ap-southeast-1.amazonaws.com/persons/53052/profile_photos/6WxrnAsCwDq9wEgkkQV76NeEFL78DjvXpmzEfVG4.jpg,5,"General Physician,Ophthalmologist",4.8,321
Dr. Jaitun Neher,https://doctime.com.bd/doctors/dr-jaitun-neher-16481610,https://doctime-core-ap-southeast-1.s3.ap-southeast-1.amazonaws.com/persons/16596746/profile_photos/IVMB9Dy16TtOkx1HhJrMoG3Kl5c4qo6CgTzLgeNT.jpg,12,General Physician,5,550
Dr. Maj. Lutfor Rahman,https://doctime.com.bd/doctors/dr-maj-lutfor-rahman-150717,https://doctime-core-ap-southeast-1.s3.ap-southeast-1.amazonaws.com/persons/189419/profile_photos/polTmKCNDa1wBVNU7OxEEbjr4ZAAUGUSyU2TSqNe.jpg,38,General Physician,4.8,680
Dr. Taz-Nur Farzana,https://doctime.com.bd/doctors/dr-taznur-farzana-481075,https://doctime-core-ap-southeast-1.s3.ap-southeast-1.amazonaws.com/persons/578228/profile_photos/hbEVDibLUopAX6bBPifDmwTttKcOkRDgDTHQ67JY.png,8,General Physician,5,500
Dr. Habizar Rahman,https://doctime.com.bd/doctors/dr-habizar-rahman-391993,https://doctime-core-ap-southeast-1.s3.ap-southeast-1.amazonaws.com/persons/466807/profile_photos/XhTdfW7oxpXQZgcjUYRTrpaBQgIL0Ap5usk3mPEk.jpg,9,General Physician,5,313
Dr. Md. Ariful Islam,https://doctime.com.bd/doctors/dr-md-ariful-islam-304015,https://doctime-core-ap-southeast-1.s3.ap-southeast-1.amazonaws.com/persons/368032/profile_photos/3l0Vy5D0clWLQRosXjLtc6gCFFWlXddI15OY3xOc.jpg,5,General Physician,5,250
Dr. Tapushe Rabeya,https://doctime.com.bd/doctors/dr-tapushe-rabeya-15224725,https://doctime-core-ap-southeast-1.s3.ap-southeast-1.amazonaws.com/persons/15322338/profile_photos/NfoFYTZhpGSYEKD7PZyprOImbbJkHlaCC7674HOq.jpg,6,"General Physician,Child Specialist",5,250
Dr. Sadia Tasnim,https://doctime.com.bd/doctors/dr-sadia-tasnim-12234075,https://doctime-core-ap-southeast-1.s3.ap-southeast-1.amazonaws.com/persons/12310500/profile_photos/ST64motYtD9E462fPQfV3xb9uMODQusAbuqEIKYK.jpg,7,General Physician,5,300
Dr. Istiaque Ahmed Khan,https://doctime.com.bd/doctors/dr-istiaque-ahmed-khan-103175,https://doctime-core-ap-southeast-1.s3.ap-southeast-1.amazonaws.com/persons/127366/profile_photos/wfMVBfVfOn6QwmepHrrg42E2z0YnspM0jCMPi7Ue.jpg,5,General Physician,5,250